-- auto-generated definition
create table T_CORP_GRP
(
    CORP_GRP_SEQ int auto_increment comment '업체 그룹 시퀀스'
        primary key,
    CORP_GRP_NM  varchar(50)                         null comment '업체 그룹 이름',
    REG_DT       timestamp default CURRENT_TIMESTAMP null comment '등록 날짜'
)
    comment '업체 그룹' charset = utf8;

INSERT INTO T_CORP_GRP (CORP_GRP_SEQ, CORP_GRP_NM, REG_DT) VALUES (1, 'zz', '2017-12-12 18:30:09');
INSERT INTO T_CORP_GRP (CORP_GRP_SEQ, CORP_GRP_NM, REG_DT) VALUES (2, 'vv', '2017-12-13 13:15:25');
INSERT INTO T_CORP_GRP (CORP_GRP_SEQ, CORP_GRP_NM, REG_DT) VALUES (3, '일반', '2017-12-13 13:15:25');


-- auto-generated definition
create table T_ADM
(
    ADM_SEQ       int auto_increment comment '관리자 시퀀스'
        primary key,
    ADM_LGIN_ID   varchar(15)                         null comment '관리자 로그인 아이디',
    ADM_LGIN_PW   varchar(300)                        null comment '관리자 로그인 패스워드',
    ADM_NM        varchar(50)                         null comment '관리자 이름',
    USE_CD        varchar(6)                          null comment '사용 여부',
    HOME_URL      varchar(2000)                       null,
    EMAIL         varchar(300)                        null,
    PHONE         varchar(100)                        null,
    COMPANY_NM    varchar(100)                        null,
    JOB_CD        varchar(6)                          null,
    LGIN_FAIL_CNT int                                 null comment '로그인 실패 수',
    LGIN_WAIT_DT  timestamp                           null comment '로그인 대기시간',
    CORP_GRP_SEQ  int                                 null comment '업체 그룹 시퀀스',
    UPD_DT        timestamp                           null,
    START_DT      timestamp                           null,
    END_DT        timestamp                           null,
    REG_DT        timestamp default CURRENT_TIMESTAMP null comment '등록 날짜',
    constraint T_ADM_ibfk_1
        foreign key (CORP_GRP_SEQ) references T_CORP_GRP (CORP_GRP_SEQ)
)
    comment '관리자 정보' charset = utf8;

create index CORP_GRP_SEQ
    on T_ADM (CORP_GRP_SEQ);



-- auto-generated definition
create table T_AUTH
(
    AUTH_ID varchar(20)   not null comment '권한 아이디'
        primary key,
    AUTH_NM varchar(50)   null comment '권한 이름',
    XPLN    varchar(4000) null comment '설명'
)
    comment '권한' charset = utf8;
INSERT INTO T_AUTH (AUTH_ID, AUTH_NM, XPLN) VALUES ('ROLE_ADMIN', '최고', '최고관리자');
INSERT INTO T_AUTH (AUTH_ID, AUTH_NM, XPLN) VALUES ('ROLE_CORP', '업체', '업체관리자');
INSERT INTO T_AUTH (AUTH_ID, AUTH_NM, XPLN) VALUES ('ROLE_CROP_ADMIN', '업체 관리자', '업체 관리자');
INSERT INTO T_AUTH (AUTH_ID, AUTH_NM, XPLN) VALUES ('ROLE_NORMAL', '일반', '일반사용자');


-- auto-generated definition
create table T_ADM_AUTH
(
    ADM_AUTH_SEQ int auto_increment comment '관리자 권한 시퀀스'
        primary key,
    ADM_SEQ      int         null comment '관리자 시퀀스',
    AUTH_ID      varchar(20) null comment '권한 아이디',
    constraint T_ADM_AUTH_ibfk_1
        foreign key (ADM_SEQ) references T_ADM (ADM_SEQ),
    constraint T_ADM_AUTH_ibfk_2
        foreign key (AUTH_ID) references T_AUTH (AUTH_ID)
)
    comment '관리자 권한 관계' charset = utf8;

create index ADM_SEQ
    on T_ADM_AUTH (ADM_SEQ);

create index AUTH_ID
    on T_ADM_AUTH (AUTH_ID);


-- auto-generated definition
create table T_CORP_GRP_AUTH
(
    CORP_GRP_AUTH_SEQ int auto_increment comment '업체 그룹 권한 시퀀스'
        primary key,
    CORP_GRP_SEQ      int         null comment '업체 그룹 시퀀스',
    AUTH_ID           varchar(20) null comment '권한 아이디',
    constraint FK_T_AUTH_TO_T_CORP_GRP_AUTH
        foreign key (AUTH_ID) references T_AUTH (AUTH_ID),
    constraint FK_T_CORP_GRP_TO_T_CORP_GRP_AUTH
        foreign key (CORP_GRP_SEQ) references T_CORP_GRP (CORP_GRP_SEQ)
)
    comment '그룹 권한 관계' charset = utf8;

INSERT INTO T_CORP_GRP_AUTH (CORP_GRP_AUTH_SEQ, CORP_GRP_SEQ, AUTH_ID) VALUES (1, 1, 'ROLE_ADMIN');
INSERT INTO T_CORP_GRP_AUTH (CORP_GRP_AUTH_SEQ, CORP_GRP_SEQ, AUTH_ID) VALUES (2, 2, 'ROLE_NORMAL');


-- auto-generated definition
create table T_AUTH_URL
(
    AUTH_URL_SEQ int auto_increment comment '권한 URL주소 시퀀스'
        primary key,
    AUTH_ID      varchar(20)                         null comment '권한 아이디',
    URL_SEQ      int                                 null comment 'URL 주소 시퀀스',
    CRUD_TYPE_CD varchar(6)                          null comment 'CURD 유형 코드',
    REG_DT       timestamp default CURRENT_TIMESTAMP null comment '등록 날짜',
    constraint T_AUTH_URL_ibfk_1
        foreign key (AUTH_ID) references T_AUTH (AUTH_ID),
    constraint T_AUTH_URL_ibfk_2
        foreign key (URL_SEQ) references T_URL (URL_SEQ)
)
    comment '권한 URL 관계' charset = utf8;

create index AUTH_ID
    on T_AUTH_URL (AUTH_ID);

create index URL_SEQ
    on T_AUTH_URL (URL_SEQ);

INSERT INTO T_AUTH_URL (AUTH_URL_SEQ, AUTH_ID, URL_SEQ, CRUD_TYPE_CD, REG_DT) VALUES (369, 'ROLE_ADMIN', 9, 'GET', '2018-02-19 12:04:16');
INSERT INTO T_AUTH_URL (AUTH_URL_SEQ, AUTH_ID, URL_SEQ, CRUD_TYPE_CD, REG_DT) VALUES (370, 'ROLE_ADMIN', 9, 'POST', '2018-02-19 12:04:16');
INSERT INTO T_AUTH_URL (AUTH_URL_SEQ, AUTH_ID, URL_SEQ, CRUD_TYPE_CD, REG_DT) VALUES (371, 'ROLE_ADMIN', 9, 'PUT', '2018-02-19 12:04:16');
INSERT INTO T_AUTH_URL (AUTH_URL_SEQ, AUTH_ID, URL_SEQ, CRUD_TYPE_CD, REG_DT) VALUES (372, 'ROLE_ADMIN', 9, 'DELETE', '2018-02-19 12:04:16');
INSERT INTO T_AUTH_URL (AUTH_URL_SEQ, AUTH_ID, URL_SEQ, CRUD_TYPE_CD, REG_DT) VALUES (416, 'ROLE_CORP', 6, 'GET', '2018-02-13 10:16:14');
INSERT INTO T_AUTH_URL (AUTH_URL_SEQ, AUTH_ID, URL_SEQ, CRUD_TYPE_CD, REG_DT) VALUES (419, 'ROLE_CORP', 9, 'GET', '2018-02-19 12:04:16');
INSERT INTO T_AUTH_URL (AUTH_URL_SEQ, AUTH_ID, URL_SEQ, CRUD_TYPE_CD, REG_DT) VALUES (437, 'ROLE_ADMIN', 14, 'GET', '2018-08-13 14:00:13');
INSERT INTO T_AUTH_URL (AUTH_URL_SEQ, AUTH_ID, URL_SEQ, CRUD_TYPE_CD, REG_DT) VALUES (438, 'ROLE_ADMIN', 14, 'POST', '2018-08-13 14:00:13');
INSERT INTO T_AUTH_URL (AUTH_URL_SEQ, AUTH_ID, URL_SEQ, CRUD_TYPE_CD, REG_DT) VALUES (439, 'ROLE_ADMIN', 14, 'PUT', '2018-08-13 14:00:13');
INSERT INTO T_AUTH_URL (AUTH_URL_SEQ, AUTH_ID, URL_SEQ, CRUD_TYPE_CD, REG_DT) VALUES (440, 'ROLE_ADMIN', 14, 'DELETE', '2018-08-13 14:00:13');
INSERT INTO T_AUTH_URL (AUTH_URL_SEQ, AUTH_ID, URL_SEQ, CRUD_TYPE_CD, REG_DT) VALUES (449, 'ROLE_ADMIN', 5, 'GET', '2018-08-13 14:03:54');
INSERT INTO T_AUTH_URL (AUTH_URL_SEQ, AUTH_ID, URL_SEQ, CRUD_TYPE_CD, REG_DT) VALUES (450, 'ROLE_ADMIN', 5, 'POST', '2018-08-13 14:03:54');
INSERT INTO T_AUTH_URL (AUTH_URL_SEQ, AUTH_ID, URL_SEQ, CRUD_TYPE_CD, REG_DT) VALUES (451, 'ROLE_ADMIN', 5, 'PUT', '2018-08-13 14:03:54');
INSERT INTO T_AUTH_URL (AUTH_URL_SEQ, AUTH_ID, URL_SEQ, CRUD_TYPE_CD, REG_DT) VALUES (452, 'ROLE_ADMIN', 5, 'DELETE', '2018-08-13 14:03:54');
INSERT INTO T_AUTH_URL (AUTH_URL_SEQ, AUTH_ID, URL_SEQ, CRUD_TYPE_CD, REG_DT) VALUES (457, 'ROLE_CORP', 7, 'DELETE', '2018-08-13 14:03:54');
INSERT INTO T_AUTH_URL (AUTH_URL_SEQ, AUTH_ID, URL_SEQ, CRUD_TYPE_CD, REG_DT) VALUES (458, 'ROLE_CORP', 7, 'PUT', '2018-08-13 14:03:54');
INSERT INTO T_AUTH_URL (AUTH_URL_SEQ, AUTH_ID, URL_SEQ, CRUD_TYPE_CD, REG_DT) VALUES (459, 'ROLE_CORP', 7, 'POST', '2018-08-13 14:03:54');
INSERT INTO T_AUTH_URL (AUTH_URL_SEQ, AUTH_ID, URL_SEQ, CRUD_TYPE_CD, REG_DT) VALUES (460, 'ROLE_CORP', 7, 'GET', '2018-08-13 14:03:54');
INSERT INTO T_AUTH_URL (AUTH_URL_SEQ, AUTH_ID, URL_SEQ, CRUD_TYPE_CD, REG_DT) VALUES (464, 'ROLE_CORP', 15, 'GET', '2018-08-13 14:03:54');
INSERT INTO T_AUTH_URL (AUTH_URL_SEQ, AUTH_ID, URL_SEQ, CRUD_TYPE_CD, REG_DT) VALUES (485, 'ROLE_ADMIN', 15, 'GET', '2018-08-13 15:19:30');
INSERT INTO T_AUTH_URL (AUTH_URL_SEQ, AUTH_ID, URL_SEQ, CRUD_TYPE_CD, REG_DT) VALUES (486, 'ROLE_ADMIN', 15, 'POST', '2018-08-13 15:19:30');
INSERT INTO T_AUTH_URL (AUTH_URL_SEQ, AUTH_ID, URL_SEQ, CRUD_TYPE_CD, REG_DT) VALUES (487, 'ROLE_ADMIN', 15, 'PUT', '2018-08-13 15:19:30');
INSERT INTO T_AUTH_URL (AUTH_URL_SEQ, AUTH_ID, URL_SEQ, CRUD_TYPE_CD, REG_DT) VALUES (488, 'ROLE_ADMIN', 15, 'DELETE', '2018-08-13 15:19:30');
INSERT INTO T_AUTH_URL (AUTH_URL_SEQ, AUTH_ID, URL_SEQ, CRUD_TYPE_CD, REG_DT) VALUES (489, 'ROLE_ADMIN', 6, 'GET', '2018-08-14 10:02:45');
INSERT INTO T_AUTH_URL (AUTH_URL_SEQ, AUTH_ID, URL_SEQ, CRUD_TYPE_CD, REG_DT) VALUES (490, 'ROLE_ADMIN', 6, 'POST', '2018-08-14 10:02:45');
INSERT INTO T_AUTH_URL (AUTH_URL_SEQ, AUTH_ID, URL_SEQ, CRUD_TYPE_CD, REG_DT) VALUES (491, 'ROLE_ADMIN', 6, 'PUT', '2018-08-14 10:02:45');
INSERT INTO T_AUTH_URL (AUTH_URL_SEQ, AUTH_ID, URL_SEQ, CRUD_TYPE_CD, REG_DT) VALUES (492, 'ROLE_ADMIN', 6, 'DELETE', '2018-08-14 10:02:45');
INSERT INTO T_AUTH_URL (AUTH_URL_SEQ, AUTH_ID, URL_SEQ, CRUD_TYPE_CD, REG_DT) VALUES (493, 'ROLE_ADMIN', 7, 'GET', '2018-08-14 10:02:49');
INSERT INTO T_AUTH_URL (AUTH_URL_SEQ, AUTH_ID, URL_SEQ, CRUD_TYPE_CD, REG_DT) VALUES (494, 'ROLE_ADMIN', 7, 'POST', '2018-08-14 10:02:49');
INSERT INTO T_AUTH_URL (AUTH_URL_SEQ, AUTH_ID, URL_SEQ, CRUD_TYPE_CD, REG_DT) VALUES (495, 'ROLE_ADMIN', 7, 'PUT', '2018-08-14 10:02:49');
INSERT INTO T_AUTH_URL (AUTH_URL_SEQ, AUTH_ID, URL_SEQ, CRUD_TYPE_CD, REG_DT) VALUES (496, 'ROLE_ADMIN', 7, 'DELETE', '2018-08-14 10:02:49');
INSERT INTO T_AUTH_URL (AUTH_URL_SEQ, AUTH_ID, URL_SEQ, CRUD_TYPE_CD, REG_DT) VALUES (497, 'ROLE_ADMIN', 1, 'GET', '2020-08-24 14:50:39');
INSERT INTO T_AUTH_URL (AUTH_URL_SEQ, AUTH_ID, URL_SEQ, CRUD_TYPE_CD, REG_DT) VALUES (498, 'ROLE_CORP', 1, 'GET', '2020-08-24 14:50:39');
INSERT INTO T_AUTH_URL (AUTH_URL_SEQ, AUTH_ID, URL_SEQ, CRUD_TYPE_CD, REG_DT) VALUES (500, 'ROLE_ADMIN', 10, 'GET', '2020-08-26 10:47:11');
INSERT INTO T_AUTH_URL (AUTH_URL_SEQ, AUTH_ID, URL_SEQ, CRUD_TYPE_CD, REG_DT) VALUES (501, 'ROLE_CORP', 10, 'GET', '2020-08-26 10:47:11');
INSERT INTO T_AUTH_URL (AUTH_URL_SEQ, AUTH_ID, URL_SEQ, CRUD_TYPE_CD, REG_DT) VALUES (503, 'ROLE_ADMIN', 10, 'POST', '2020-08-26 10:47:11');
INSERT INTO T_AUTH_URL (AUTH_URL_SEQ, AUTH_ID, URL_SEQ, CRUD_TYPE_CD, REG_DT) VALUES (506, 'ROLE_ADMIN', 10, 'PUT', '2020-08-26 10:47:11');
INSERT INTO T_AUTH_URL (AUTH_URL_SEQ, AUTH_ID, URL_SEQ, CRUD_TYPE_CD, REG_DT) VALUES (509, 'ROLE_ADMIN', 10, 'DELETE', '2020-08-26 10:47:11');
INSERT INTO T_AUTH_URL (AUTH_URL_SEQ, AUTH_ID, URL_SEQ, CRUD_TYPE_CD, REG_DT) VALUES (524, 'ROLE_ADMIN', 17, 'GET', '2020-09-02 11:07:14');
INSERT INTO T_AUTH_URL (AUTH_URL_SEQ, AUTH_ID, URL_SEQ, CRUD_TYPE_CD, REG_DT) VALUES (525, 'ROLE_CORP', 17, 'GET', '2020-09-02 11:07:14');
INSERT INTO T_AUTH_URL (AUTH_URL_SEQ, AUTH_ID, URL_SEQ, CRUD_TYPE_CD, REG_DT) VALUES (527, 'ROLE_ADMIN', 18, 'GET', '2020-09-02 11:07:14');
INSERT INTO T_AUTH_URL (AUTH_URL_SEQ, AUTH_ID, URL_SEQ, CRUD_TYPE_CD, REG_DT) VALUES (528, 'ROLE_CORP', 18, 'GET', '2020-09-02 11:07:14');
INSERT INTO T_AUTH_URL (AUTH_URL_SEQ, AUTH_ID, URL_SEQ, CRUD_TYPE_CD, REG_DT) VALUES (530, 'ROLE_ADMIN', 19, 'GET', '2020-09-02 11:07:14');
INSERT INTO T_AUTH_URL (AUTH_URL_SEQ, AUTH_ID, URL_SEQ, CRUD_TYPE_CD, REG_DT) VALUES (531, 'ROLE_CORP', 19, 'GET', '2020-09-02 11:07:14');
INSERT INTO T_AUTH_URL (AUTH_URL_SEQ, AUTH_ID, URL_SEQ, CRUD_TYPE_CD, REG_DT) VALUES (533, 'ROLE_ADMIN', 20, 'GET', '2020-09-02 13:04:05');
INSERT INTO T_AUTH_URL (AUTH_URL_SEQ, AUTH_ID, URL_SEQ, CRUD_TYPE_CD, REG_DT) VALUES (534, 'ROLE_CORP', 20, 'GET', '2020-09-02 13:04:05');
INSERT INTO T_AUTH_URL (AUTH_URL_SEQ, AUTH_ID, URL_SEQ, CRUD_TYPE_CD, REG_DT) VALUES (536, 'ROLE_ADMIN', 21, 'GET', '2020-09-02 13:04:05');
INSERT INTO T_AUTH_URL (AUTH_URL_SEQ, AUTH_ID, URL_SEQ, CRUD_TYPE_CD, REG_DT) VALUES (537, 'ROLE_CORP', 21, 'GET', '2020-09-02 13:04:05');
INSERT INTO T_AUTH_URL (AUTH_URL_SEQ, AUTH_ID, URL_SEQ, CRUD_TYPE_CD, REG_DT) VALUES (539, 'ROLE_ADMIN', 22, 'GET', '2020-09-02 14:54:39');
INSERT INTO T_AUTH_URL (AUTH_URL_SEQ, AUTH_ID, URL_SEQ, CRUD_TYPE_CD, REG_DT) VALUES (540, 'ROLE_CORP', 22, 'GET', '2020-09-02 14:54:39');
INSERT INTO T_AUTH_URL (AUTH_URL_SEQ, AUTH_ID, URL_SEQ, CRUD_TYPE_CD, REG_DT) VALUES (542, 'ROLE_ADMIN', 23, 'GET', '2020-09-03 12:09:07');
INSERT INTO T_AUTH_URL (AUTH_URL_SEQ, AUTH_ID, URL_SEQ, CRUD_TYPE_CD, REG_DT) VALUES (543, 'ROLE_CORP', 23, 'GET', '2020-09-03 12:09:07');
INSERT INTO T_AUTH_URL (AUTH_URL_SEQ, AUTH_ID, URL_SEQ, CRUD_TYPE_CD, REG_DT) VALUES (545, 'ROLE_ADMIN', 24, 'GET', '2020-09-03 12:09:07');
INSERT INTO T_AUTH_URL (AUTH_URL_SEQ, AUTH_ID, URL_SEQ, CRUD_TYPE_CD, REG_DT) VALUES (546, 'ROLE_CORP', 24, 'GET', '2020-09-03 12:09:07');
INSERT INTO T_AUTH_URL (AUTH_URL_SEQ, AUTH_ID, URL_SEQ, CRUD_TYPE_CD, REG_DT) VALUES (548, 'ROLE_ADMIN', 25, 'GET', '2020-09-03 14:58:03');
INSERT INTO T_AUTH_URL (AUTH_URL_SEQ, AUTH_ID, URL_SEQ, CRUD_TYPE_CD, REG_DT) VALUES (549, 'ROLE_CORP', 25, 'GET', '2020-09-03 14:58:03');
INSERT INTO T_AUTH_URL (AUTH_URL_SEQ, AUTH_ID, URL_SEQ, CRUD_TYPE_CD, REG_DT) VALUES (551, 'ROLE_ADMIN', 26, 'GET', '2020-09-03 14:58:03');
INSERT INTO T_AUTH_URL (AUTH_URL_SEQ, AUTH_ID, URL_SEQ, CRUD_TYPE_CD, REG_DT) VALUES (552, 'ROLE_CORP', 26, 'GET', '2020-09-03 14:58:03');
INSERT INTO T_AUTH_URL (AUTH_URL_SEQ, AUTH_ID, URL_SEQ, CRUD_TYPE_CD, REG_DT) VALUES (554, 'ROLE_ADMIN', 27, 'GET', '2020-09-03 14:58:03');
INSERT INTO T_AUTH_URL (AUTH_URL_SEQ, AUTH_ID, URL_SEQ, CRUD_TYPE_CD, REG_DT) VALUES (555, 'ROLE_CORP', 27, 'GET', '2020-09-03 14:58:03');
INSERT INTO T_AUTH_URL (AUTH_URL_SEQ, AUTH_ID, URL_SEQ, CRUD_TYPE_CD, REG_DT) VALUES (557, 'ROLE_ADMIN', 28, 'GET', '2020-09-04 14:10:54');
INSERT INTO T_AUTH_URL (AUTH_URL_SEQ, AUTH_ID, URL_SEQ, CRUD_TYPE_CD, REG_DT) VALUES (558, 'ROLE_CORP', 28, 'GET', '2020-09-04 14:10:54');
INSERT INTO T_AUTH_URL (AUTH_URL_SEQ, AUTH_ID, URL_SEQ, CRUD_TYPE_CD, REG_DT) VALUES (560, 'ROLE_ADMIN', 29, 'GET', '2020-09-08 19:16:19');
INSERT INTO T_AUTH_URL (AUTH_URL_SEQ, AUTH_ID, URL_SEQ, CRUD_TYPE_CD, REG_DT) VALUES (561, 'ROLE_CORP', 29, 'GET', '2020-09-08 19:16:19');
INSERT INTO T_AUTH_URL (AUTH_URL_SEQ, AUTH_ID, URL_SEQ, CRUD_TYPE_CD, REG_DT) VALUES (563, 'ROLE_ADMIN', 30, 'GET', '2020-09-10 16:54:24');
INSERT INTO T_AUTH_URL (AUTH_URL_SEQ, AUTH_ID, URL_SEQ, CRUD_TYPE_CD, REG_DT) VALUES (564, 'ROLE_CORP', 30, 'GET', '2020-09-10 16:54:24');
INSERT INTO T_AUTH_URL (AUTH_URL_SEQ, AUTH_ID, URL_SEQ, CRUD_TYPE_CD, REG_DT) VALUES (566, 'ROLE_ADMIN', 31, 'GET', '2020-09-10 16:54:24');
INSERT INTO T_AUTH_URL (AUTH_URL_SEQ, AUTH_ID, URL_SEQ, CRUD_TYPE_CD, REG_DT) VALUES (567, 'ROLE_CORP', 31, 'GET', '2020-09-10 16:54:24');
INSERT INTO T_AUTH_URL (AUTH_URL_SEQ, AUTH_ID, URL_SEQ, CRUD_TYPE_CD, REG_DT) VALUES (569, 'ROLE_ADMIN', 32, 'GET', '2020-09-10 16:54:24');
INSERT INTO T_AUTH_URL (AUTH_URL_SEQ, AUTH_ID, URL_SEQ, CRUD_TYPE_CD, REG_DT) VALUES (570, 'ROLE_CORP', 32, 'GET', '2020-09-10 16:54:24');
INSERT INTO T_AUTH_URL (AUTH_URL_SEQ, AUTH_ID, URL_SEQ, CRUD_TYPE_CD, REG_DT) VALUES (572, 'ROLE_ADMIN', 33, 'GET', '2020-09-13 19:39:03');
INSERT INTO T_AUTH_URL (AUTH_URL_SEQ, AUTH_ID, URL_SEQ, CRUD_TYPE_CD, REG_DT) VALUES (573, 'ROLE_CORP', 33, 'GET', '2020-09-13 19:39:03');
INSERT INTO T_AUTH_URL (AUTH_URL_SEQ, AUTH_ID, URL_SEQ, CRUD_TYPE_CD, REG_DT) VALUES (575, 'ROLE_ADMIN', 34, 'GET', '2020-09-13 19:39:03');
INSERT INTO T_AUTH_URL (AUTH_URL_SEQ, AUTH_ID, URL_SEQ, CRUD_TYPE_CD, REG_DT) VALUES (576, 'ROLE_CORP', 34, 'GET', '2020-09-13 19:39:03');
INSERT INTO T_AUTH_URL (AUTH_URL_SEQ, AUTH_ID, URL_SEQ, CRUD_TYPE_CD, REG_DT) VALUES (578, 'ROLE_ADMIN', 17, 'PUT', '2020-09-13 19:42:08');
INSERT INTO T_AUTH_URL (AUTH_URL_SEQ, AUTH_ID, URL_SEQ, CRUD_TYPE_CD, REG_DT) VALUES (579, 'ROLE_CORP', 17, 'PUT', '2020-09-13 19:42:08');
INSERT INTO T_AUTH_URL (AUTH_URL_SEQ, AUTH_ID, URL_SEQ, CRUD_TYPE_CD, REG_DT) VALUES (581, 'ROLE_ADMIN', 17, 'POST', '2020-09-13 19:42:08');
INSERT INTO T_AUTH_URL (AUTH_URL_SEQ, AUTH_ID, URL_SEQ, CRUD_TYPE_CD, REG_DT) VALUES (582, 'ROLE_CORP', 17, 'POST', '2020-09-13 19:42:08');
INSERT INTO T_AUTH_URL (AUTH_URL_SEQ, AUTH_ID, URL_SEQ, CRUD_TYPE_CD, REG_DT) VALUES (584, 'ROLE_ADMIN', 17, 'DELETE', '2020-09-13 19:42:08');
INSERT INTO T_AUTH_URL (AUTH_URL_SEQ, AUTH_ID, URL_SEQ, CRUD_TYPE_CD, REG_DT) VALUES (585, 'ROLE_CORP', 17, 'DELETE', '2020-09-13 19:42:08');
INSERT INTO T_AUTH_URL (AUTH_URL_SEQ, AUTH_ID, URL_SEQ, CRUD_TYPE_CD, REG_DT) VALUES (587, 'ROLE_ADMIN', 500, 'GET', '2020-09-14 00:25:39');
INSERT INTO T_AUTH_URL (AUTH_URL_SEQ, AUTH_ID, URL_SEQ, CRUD_TYPE_CD, REG_DT) VALUES (588, 'ROLE_ADMIN', 500, 'POST', '2020-09-14 00:25:39');
INSERT INTO T_AUTH_URL (AUTH_URL_SEQ, AUTH_ID, URL_SEQ, CRUD_TYPE_CD, REG_DT) VALUES (589, 'ROLE_ADMIN', 500, 'PUT', '2020-09-14 00:25:39');
INSERT INTO T_AUTH_URL (AUTH_URL_SEQ, AUTH_ID, URL_SEQ, CRUD_TYPE_CD, REG_DT) VALUES (590, 'ROLE_ADMIN', 501, 'GET', '2020-09-14 00:36:13');
INSERT INTO T_AUTH_URL (AUTH_URL_SEQ, AUTH_ID, URL_SEQ, CRUD_TYPE_CD, REG_DT) VALUES (591, 'ROLE_ADMIN', 501, 'POST', '2020-09-14 00:36:13');
INSERT INTO T_AUTH_URL (AUTH_URL_SEQ, AUTH_ID, URL_SEQ, CRUD_TYPE_CD, REG_DT) VALUES (592, 'ROLE_ADMIN', 501, 'PUT', '2020-09-14 00:36:13');
INSERT INTO T_AUTH_URL (AUTH_URL_SEQ, AUTH_ID, URL_SEQ, CRUD_TYPE_CD, REG_DT) VALUES (593, 'ROLE_ADMIN', 502, 'GET', '2020-09-14 16:38:58');
INSERT INTO T_AUTH_URL (AUTH_URL_SEQ, AUTH_ID, URL_SEQ, CRUD_TYPE_CD, REG_DT) VALUES (594, 'ROLE_ADMIN', 502, 'POST', '2020-09-14 16:38:58');
INSERT INTO T_AUTH_URL (AUTH_URL_SEQ, AUTH_ID, URL_SEQ, CRUD_TYPE_CD, REG_DT) VALUES (595, 'ROLE_ADMIN', 502, 'PUT', '2020-09-14 16:38:58');
INSERT INTO T_AUTH_URL (AUTH_URL_SEQ, AUTH_ID, URL_SEQ, CRUD_TYPE_CD, REG_DT) VALUES (596, 'ROLE_ADMIN', 502, 'DELETE', '2020-09-14 16:38:58');
INSERT INTO T_AUTH_URL (AUTH_URL_SEQ, AUTH_ID, URL_SEQ, CRUD_TYPE_CD, REG_DT) VALUES (597, 'ROLE_CROP_ADMIN', 1, 'GET', '2020-09-15 10:35:59');
INSERT INTO T_AUTH_URL (AUTH_URL_SEQ, AUTH_ID, URL_SEQ, CRUD_TYPE_CD, REG_DT) VALUES (598, 'ROLE_NORMAL', 1, 'GET', '2020-09-15 10:35:59');
INSERT INTO T_AUTH_URL (AUTH_URL_SEQ, AUTH_ID, URL_SEQ, CRUD_TYPE_CD, REG_DT) VALUES (599, 'ROLE_CROP_ADMIN', 9, 'GET', '2020-09-15 10:37:58');
INSERT INTO T_AUTH_URL (AUTH_URL_SEQ, AUTH_ID, URL_SEQ, CRUD_TYPE_CD, REG_DT) VALUES (600, 'ROLE_NORMAL', 9, 'GET', '2020-09-15 10:37:58');
INSERT INTO T_AUTH_URL (AUTH_URL_SEQ, AUTH_ID, URL_SEQ, CRUD_TYPE_CD, REG_DT) VALUES (601, 'ROLE_CROP_ADMIN', 10, 'GET', '2020-09-15 10:38:32');
INSERT INTO T_AUTH_URL (AUTH_URL_SEQ, AUTH_ID, URL_SEQ, CRUD_TYPE_CD, REG_DT) VALUES (602, 'ROLE_NORMAL', 10, 'GET', '2020-09-15 10:38:33');
INSERT INTO T_AUTH_URL (AUTH_URL_SEQ, AUTH_ID, URL_SEQ, CRUD_TYPE_CD, REG_DT) VALUES (603, 'ROLE_CROP_ADMIN', 14, 'GET', '2020-09-15 10:39:08');
INSERT INTO T_AUTH_URL (AUTH_URL_SEQ, AUTH_ID, URL_SEQ, CRUD_TYPE_CD, REG_DT) VALUES (604, 'ROLE_NORMAL', 14, 'GET', '2020-09-15 10:39:08');
INSERT INTO T_AUTH_URL (AUTH_URL_SEQ, AUTH_ID, URL_SEQ, CRUD_TYPE_CD, REG_DT) VALUES (605, 'ROLE_CROP_ADMIN', 15, 'GET', '2020-09-15 10:39:29');
INSERT INTO T_AUTH_URL (AUTH_URL_SEQ, AUTH_ID, URL_SEQ, CRUD_TYPE_CD, REG_DT) VALUES (606, 'ROLE_NORMAL', 15, 'GET', '2020-09-15 10:39:29');
INSERT INTO T_AUTH_URL (AUTH_URL_SEQ, AUTH_ID, URL_SEQ, CRUD_TYPE_CD, REG_DT) VALUES (607, 'ROLE_CROP_ADMIN', 7, 'DELETE', '2020-09-15 10:42:16');
INSERT INTO T_AUTH_URL (AUTH_URL_SEQ, AUTH_ID, URL_SEQ, CRUD_TYPE_CD, REG_DT) VALUES (608, 'ROLE_CROP_ADMIN', 7, 'PUT', '2020-09-15 10:42:16');
INSERT INTO T_AUTH_URL (AUTH_URL_SEQ, AUTH_ID, URL_SEQ, CRUD_TYPE_CD, REG_DT) VALUES (609, 'ROLE_CROP_ADMIN', 7, 'POST', '2020-09-15 10:42:16');
INSERT INTO T_AUTH_URL (AUTH_URL_SEQ, AUTH_ID, URL_SEQ, CRUD_TYPE_CD, REG_DT) VALUES (610, 'ROLE_CROP_ADMIN', 7, 'GET', '2020-09-15 10:42:16');
INSERT INTO T_AUTH_URL (AUTH_URL_SEQ, AUTH_ID, URL_SEQ, CRUD_TYPE_CD, REG_DT) VALUES (611, 'ROLE_NORMAL', 7, 'DELETE', '2020-09-15 10:42:16');
INSERT INTO T_AUTH_URL (AUTH_URL_SEQ, AUTH_ID, URL_SEQ, CRUD_TYPE_CD, REG_DT) VALUES (612, 'ROLE_NORMAL', 7, 'PUT', '2020-09-15 10:42:16');
INSERT INTO T_AUTH_URL (AUTH_URL_SEQ, AUTH_ID, URL_SEQ, CRUD_TYPE_CD, REG_DT) VALUES (613, 'ROLE_NORMAL', 7, 'POST', '2020-09-15 10:42:16');
INSERT INTO T_AUTH_URL (AUTH_URL_SEQ, AUTH_ID, URL_SEQ, CRUD_TYPE_CD, REG_DT) VALUES (614, 'ROLE_NORMAL', 7, 'GET', '2020-09-15 10:42:16');
INSERT INTO T_AUTH_URL (AUTH_URL_SEQ, AUTH_ID, URL_SEQ, CRUD_TYPE_CD, REG_DT) VALUES (615, 'ROLE_CROP_ADMIN', 6, 'GET', '2020-09-15 10:47:10');
INSERT INTO T_AUTH_URL (AUTH_URL_SEQ, AUTH_ID, URL_SEQ, CRUD_TYPE_CD, REG_DT) VALUES (616, 'ROLE_NORMAL', 6, 'GET', '2020-09-15 10:47:10');
INSERT INTO T_AUTH_URL (AUTH_URL_SEQ, AUTH_ID, URL_SEQ, CRUD_TYPE_CD, REG_DT) VALUES (617, 'ROLE_CROP_ADMIN', 28, 'GET', '2020-09-15 10:50:42');
INSERT INTO T_AUTH_URL (AUTH_URL_SEQ, AUTH_ID, URL_SEQ, CRUD_TYPE_CD, REG_DT) VALUES (618, 'ROLE_NORMAL', 28, 'GET', '2020-09-15 10:50:42');
INSERT INTO T_AUTH_URL (AUTH_URL_SEQ, AUTH_ID, URL_SEQ, CRUD_TYPE_CD, REG_DT) VALUES (619, 'ROLE_CROP_ADMIN', 29, 'GET', '2020-09-15 10:50:42');
INSERT INTO T_AUTH_URL (AUTH_URL_SEQ, AUTH_ID, URL_SEQ, CRUD_TYPE_CD, REG_DT) VALUES (620, 'ROLE_NORMAL', 29, 'GET', '2020-09-15 10:50:42');
INSERT INTO T_AUTH_URL (AUTH_URL_SEQ, AUTH_ID, URL_SEQ, CRUD_TYPE_CD, REG_DT) VALUES (621, 'ROLE_CROP_ADMIN', 30, 'GET', '2020-09-15 10:50:42');
INSERT INTO T_AUTH_URL (AUTH_URL_SEQ, AUTH_ID, URL_SEQ, CRUD_TYPE_CD, REG_DT) VALUES (622, 'ROLE_NORMAL', 30, 'GET', '2020-09-15 10:50:42');
INSERT INTO T_AUTH_URL (AUTH_URL_SEQ, AUTH_ID, URL_SEQ, CRUD_TYPE_CD, REG_DT) VALUES (623, 'ROLE_CROP_ADMIN', 31, 'GET', '2020-09-15 10:50:42');
INSERT INTO T_AUTH_URL (AUTH_URL_SEQ, AUTH_ID, URL_SEQ, CRUD_TYPE_CD, REG_DT) VALUES (624, 'ROLE_NORMAL', 31, 'GET', '2020-09-15 10:50:42');
INSERT INTO T_AUTH_URL (AUTH_URL_SEQ, AUTH_ID, URL_SEQ, CRUD_TYPE_CD, REG_DT) VALUES (625, 'ROLE_CROP_ADMIN', 32, 'GET', '2020-09-15 10:50:42');
INSERT INTO T_AUTH_URL (AUTH_URL_SEQ, AUTH_ID, URL_SEQ, CRUD_TYPE_CD, REG_DT) VALUES (626, 'ROLE_NORMAL', 32, 'GET', '2020-09-15 10:50:42');
INSERT INTO T_AUTH_URL (AUTH_URL_SEQ, AUTH_ID, URL_SEQ, CRUD_TYPE_CD, REG_DT) VALUES (627, 'ROLE_CROP_ADMIN', 33, 'GET', '2020-09-15 10:50:42');
INSERT INTO T_AUTH_URL (AUTH_URL_SEQ, AUTH_ID, URL_SEQ, CRUD_TYPE_CD, REG_DT) VALUES (628, 'ROLE_NORMAL', 33, 'GET', '2020-09-15 10:50:42');
INSERT INTO T_AUTH_URL (AUTH_URL_SEQ, AUTH_ID, URL_SEQ, CRUD_TYPE_CD, REG_DT) VALUES (629, 'ROLE_CROP_ADMIN', 34, 'GET', '2020-09-15 10:50:42');
INSERT INTO T_AUTH_URL (AUTH_URL_SEQ, AUTH_ID, URL_SEQ, CRUD_TYPE_CD, REG_DT) VALUES (630, 'ROLE_NORMAL', 34, 'GET', '2020-09-15 10:50:42');
INSERT INTO T_AUTH_URL (AUTH_URL_SEQ, AUTH_ID, URL_SEQ, CRUD_TYPE_CD, REG_DT) VALUES (631, 'ROLE_CROP_ADMIN', 17, 'GET', '2020-09-15 11:10:07');
INSERT INTO T_AUTH_URL (AUTH_URL_SEQ, AUTH_ID, URL_SEQ, CRUD_TYPE_CD, REG_DT) VALUES (632, 'ROLE_NORMAL', 17, 'GET', '2020-09-15 11:10:07');
INSERT INTO T_AUTH_URL (AUTH_URL_SEQ, AUTH_ID, URL_SEQ, CRUD_TYPE_CD, REG_DT) VALUES (633, 'ROLE_CROP_ADMIN', 502, 'GET', '2020-09-19 12:26:51');
INSERT INTO T_AUTH_URL (AUTH_URL_SEQ, AUTH_ID, URL_SEQ, CRUD_TYPE_CD, REG_DT) VALUES (634, 'ROLE_CROP_ADMIN', 502, 'POST', '2020-09-19 12:26:51');
INSERT INTO T_AUTH_URL (AUTH_URL_SEQ, AUTH_ID, URL_SEQ, CRUD_TYPE_CD, REG_DT) VALUES (635, 'ROLE_CROP_ADMIN', 502, 'PUT', '2020-09-19 12:26:51');
INSERT INTO T_AUTH_URL (AUTH_URL_SEQ, AUTH_ID, URL_SEQ, CRUD_TYPE_CD, REG_DT) VALUES (636, 'ROLE_CROP_ADMIN', 502, 'DELETE', '2020-09-19 12:26:51');
INSERT INTO T_AUTH_URL (AUTH_URL_SEQ, AUTH_ID, URL_SEQ, CRUD_TYPE_CD, REG_DT) VALUES (637, 'ROLE_ADMIN', 503, 'GET', '2020-09-19 21:56:13');
INSERT INTO T_AUTH_URL (AUTH_URL_SEQ, AUTH_ID, URL_SEQ, CRUD_TYPE_CD, REG_DT) VALUES (638, 'ROLE_CROP_ADMIN', 503, 'GET', '2020-09-19 21:56:13');
INSERT INTO T_AUTH_URL (AUTH_URL_SEQ, AUTH_ID, URL_SEQ, CRUD_TYPE_CD, REG_DT) VALUES (639, 'ROLE_ADMIN', 504, 'GET', '2020-09-19 22:22:43');
INSERT INTO T_AUTH_URL (AUTH_URL_SEQ, AUTH_ID, URL_SEQ, CRUD_TYPE_CD, REG_DT) VALUES (640, 'ROLE_CROP_ADMIN', 504, 'GET', '2020-09-19 22:22:43');
INSERT INTO T_AUTH_URL (AUTH_URL_SEQ, AUTH_ID, URL_SEQ, CRUD_TYPE_CD, REG_DT) VALUES (641, 'ROLE_NORMAL', 21, 'GET', '2020-09-20 01:04:10');
INSERT INTO T_AUTH_URL (AUTH_URL_SEQ, AUTH_ID, URL_SEQ, CRUD_TYPE_CD, REG_DT) VALUES (642, 'ROLE_NORMAL', 22, 'GET', '2020-09-20 01:04:10');
INSERT INTO T_AUTH_URL (AUTH_URL_SEQ, AUTH_ID, URL_SEQ, CRUD_TYPE_CD, REG_DT) VALUES (643, 'ROLE_ADMIN', 505, 'GET', '2020-09-20 01:24:19');
INSERT INTO T_AUTH_URL (AUTH_URL_SEQ, AUTH_ID, URL_SEQ, CRUD_TYPE_CD, REG_DT) VALUES (644, 'ROLE_ADMIN', 505, 'POST', '2020-09-20 01:24:19');
INSERT INTO T_AUTH_URL (AUTH_URL_SEQ, AUTH_ID, URL_SEQ, CRUD_TYPE_CD, REG_DT) VALUES (645, 'ROLE_ADMIN', 505, 'DELETE', '2020-09-20 01:24:19');
INSERT INTO T_AUTH_URL (AUTH_URL_SEQ, AUTH_ID, URL_SEQ, CRUD_TYPE_CD, REG_DT) VALUES (646, 'ROLE_ADMIN', 505, 'PUT', '2020-09-20 01:24:19');
INSERT INTO T_AUTH_URL (AUTH_URL_SEQ, AUTH_ID, URL_SEQ, CRUD_TYPE_CD, REG_DT) VALUES (647, 'ROLE_ADMIN', 506, 'GET', '2020-09-20 01:24:19');
INSERT INTO T_AUTH_URL (AUTH_URL_SEQ, AUTH_ID, URL_SEQ, CRUD_TYPE_CD, REG_DT) VALUES (648, 'ROLE_ADMIN', 506, 'POST', '2020-09-20 01:24:19');
INSERT INTO T_AUTH_URL (AUTH_URL_SEQ, AUTH_ID, URL_SEQ, CRUD_TYPE_CD, REG_DT) VALUES (649, 'ROLE_ADMIN', 506, 'DELETE', '2020-09-20 01:24:19');
INSERT INTO T_AUTH_URL (AUTH_URL_SEQ, AUTH_ID, URL_SEQ, CRUD_TYPE_CD, REG_DT) VALUES (650, 'ROLE_ADMIN', 506, 'PUT', '2020-09-20 01:24:19');
INSERT INTO T_AUTH_URL (AUTH_URL_SEQ, AUTH_ID, URL_SEQ, CRUD_TYPE_CD, REG_DT) VALUES (651, 'ROLE_ADMIN', 507, 'GET', '2020-09-20 01:24:19');
INSERT INTO T_AUTH_URL (AUTH_URL_SEQ, AUTH_ID, URL_SEQ, CRUD_TYPE_CD, REG_DT) VALUES (652, 'ROLE_ADMIN', 508, 'GET', '2020-09-20 01:24:19');
INSERT INTO T_AUTH_URL (AUTH_URL_SEQ, AUTH_ID, URL_SEQ, CRUD_TYPE_CD, REG_DT) VALUES (662, 'ROLE_NORMAL', 23, 'GET', '2020-11-09 11:50:43');
INSERT INTO T_AUTH_URL (AUTH_URL_SEQ, AUTH_ID, URL_SEQ, CRUD_TYPE_CD, REG_DT) VALUES (663, 'ROLE_NORMAL', 24, 'GET', '2020-11-09 11:51:18');
INSERT INTO T_AUTH_URL (AUTH_URL_SEQ, AUTH_ID, URL_SEQ, CRUD_TYPE_CD, REG_DT) VALUES (664, 'ROLE_NORMAL', 25, 'GET', '2020-11-09 11:51:39');
INSERT INTO T_AUTH_URL (AUTH_URL_SEQ, AUTH_ID, URL_SEQ, CRUD_TYPE_CD, REG_DT) VALUES (665, 'ROLE_NORMAL', 26, 'GET', '2020-11-09 11:51:39');
INSERT INTO T_AUTH_URL (AUTH_URL_SEQ, AUTH_ID, URL_SEQ, CRUD_TYPE_CD, REG_DT) VALUES (666, 'ROLE_NORMAL', 27, 'GET', '2020-11-09 11:51:39');
INSERT INTO T_AUTH_URL (AUTH_URL_SEQ, AUTH_ID, URL_SEQ, CRUD_TYPE_CD, REG_DT) VALUES (667, 'ROLE_NORMAL', 17, 'PUT', '2020-11-12 12:12:54');
INSERT INTO T_AUTH_URL (AUTH_URL_SEQ, AUTH_ID, URL_SEQ, CRUD_TYPE_CD, REG_DT) VALUES (668, 'ROLE_NORMAL', 17, 'POST', '2020-11-12 12:12:54');
INSERT INTO T_AUTH_URL (AUTH_URL_SEQ, AUTH_ID, URL_SEQ, CRUD_TYPE_CD, REG_DT) VALUES (669, 'ROLE_NORMAL', 17, 'DELETE', '2020-11-12 12:12:54');
INSERT INTO T_AUTH_URL (AUTH_URL_SEQ, AUTH_ID, URL_SEQ, CRUD_TYPE_CD, REG_DT) VALUES (670, 'ROLE_NORMAL', 18, 'GET', '2020-11-12 17:33:20');
INSERT INTO T_AUTH_URL (AUTH_URL_SEQ, AUTH_ID, URL_SEQ, CRUD_TYPE_CD, REG_DT) VALUES (671, 'ROLE_NORMAL', 19, 'GET', '2020-11-12 17:33:20');
INSERT INTO T_AUTH_URL (AUTH_URL_SEQ, AUTH_ID, URL_SEQ, CRUD_TYPE_CD, REG_DT) VALUES (672, 'ROLE_NORMAL', 20, 'GET', '2020-11-12 17:33:20');


-- auto-generated definition
create table T_URL
(
    URL_SEQ      int auto_increment comment 'URL 주소 시퀀스'
        primary key,
    MENU_NM      varchar(50)                         null comment '메뉴 이름',
    MENU_NM_EN   varchar(50)                         null comment '메뉴 이름 영문',
    I18N_CD      varchar(100)                        null,
    MENU_LVL     int                                 null comment '메뉴레벨',
    MENU_ICON    varchar(1000)                       null comment '메뉴 아이콘',
    MENU_ORD     int                                 null comment '메뉴 순서',
    URL          varchar(1000)                       null comment 'URL 주소',
    URL_XPLN     varchar(1000)                       null comment 'URL 주소 설명',
    URL_XPLN_EN  varchar(1000)                       null comment 'URL 주소 설명 영문',
    PRNT_URL_SEQ int                                 null comment '부모 URL 주소 시퀀스',
    USE_CD       varchar(6)                          null comment '사용유무',
    HDDN_CD      varchar(6)                          null comment '숨김 여부',
    REGEXP_CD    varchar(6)                          null,
    REG_DT       timestamp default CURRENT_TIMESTAMP null comment '등록 날짜'
)
    comment ' URL 주소' charset = utf8;

INSERT INTO T_URL (URL_SEQ, MENU_NM, MENU_NM_EN, I18N_CD, MENU_LVL, MENU_ICON, MENU_ORD, URL, URL_XPLN, URL_XPLN_EN, PRNT_URL_SEQ, USE_CD, HDDN_CD, REGEXP_CD, REG_DT) VALUES (1, '홈', 'Home', 'url.home', 1, 'grid', 0, '/home', '홈', 'home', null, 'USE001', 'USE001', null, '2020-08-24 14:45:32');
INSERT INTO T_URL (URL_SEQ, MENU_NM, MENU_NM_EN, I18N_CD, MENU_LVL, MENU_ICON, MENU_ORD, URL, URL_XPLN, URL_XPLN_EN, PRNT_URL_SEQ, USE_CD, HDDN_CD, REGEXP_CD, REG_DT) VALUES (5, '설정관리', 'Setup', 'url.setups', 1, 'plus-circle', 3, '/setups', '계정관리한다.', 'Manage account', null, 'USE001', 'USE002', null, '2018-01-03 04:36:37');
INSERT INTO T_URL (URL_SEQ, MENU_NM, MENU_NM_EN, I18N_CD, MENU_LVL, MENU_ICON, MENU_ORD, URL, URL_XPLN, URL_XPLN_EN, PRNT_URL_SEQ, USE_CD, HDDN_CD, REGEXP_CD, REG_DT) VALUES (6, '게시판관리', 'Board', 'url.brds', 1, 'plus-circle', 1, '/brds', '게시판 관리한다', 'Manage board', null, 'USE001', 'USE002', null, '2018-01-03 04:36:37');
INSERT INTO T_URL (URL_SEQ, MENU_NM, MENU_NM_EN, I18N_CD, MENU_LVL, MENU_ICON, MENU_ORD, URL, URL_XPLN, URL_XPLN_EN, PRNT_URL_SEQ, USE_CD, HDDN_CD, REGEXP_CD, REG_DT) VALUES (7, '환자관리', 'Patient', 'url.patients', 1, 'save', 2, '/patients', '환자를 관리한다', 'Patient', null, 'USE001', 'USE002', null, '2018-08-13 13:59:38');
INSERT INTO T_URL (URL_SEQ, MENU_NM, MENU_NM_EN, I18N_CD, MENU_LVL, MENU_ICON, MENU_ORD, URL, URL_XPLN, URL_XPLN_EN, PRNT_URL_SEQ, USE_CD, HDDN_CD, REGEXP_CD, REG_DT) VALUES (9, '공지사항', 'Notice', 'url.brds.notice', 2, 'file-text', 1, '/brds/notices', '공지사항을 관리한다', 'Manage notice', 6, 'USE001', 'USE002', null, '2018-01-03 04:38:22');
INSERT INTO T_URL (URL_SEQ, MENU_NM, MENU_NM_EN, I18N_CD, MENU_LVL, MENU_ICON, MENU_ORD, URL, URL_XPLN, URL_XPLN_EN, PRNT_URL_SEQ, USE_CD, HDDN_CD, REGEXP_CD, REG_DT) VALUES (10, '공지사항 details', 'Notice Details', 'url.brds.notice.details', 3, 'help-circle', 1, '/brds/notices/[0-9]+$', '공지사항을 관리한다', 'Manage notice details', 9, 'USE001', 'USE002', 'USE001', '2018-01-03 04:38:22');
INSERT INTO T_URL (URL_SEQ, MENU_NM, MENU_NM_EN, I18N_CD, MENU_LVL, MENU_ICON, MENU_ORD, URL, URL_XPLN, URL_XPLN_EN, PRNT_URL_SEQ, USE_CD, HDDN_CD, REGEXP_CD, REG_DT) VALUES (14, 'Q&A', 'Q&A', 'url.brds.qa', 2, 'help-circle', 2, '/brds/qas', 'Q&A 관리한다', 'Manage Q&A', 6, 'USE001', 'USE002', null, '2018-01-03 04:38:22');
INSERT INTO T_URL (URL_SEQ, MENU_NM, MENU_NM_EN, I18N_CD, MENU_LVL, MENU_ICON, MENU_ORD, URL, URL_XPLN, URL_XPLN_EN, PRNT_URL_SEQ, USE_CD, HDDN_CD, REGEXP_CD, REG_DT) VALUES (15, 'Q&A details', 'Q&A Details', 'url.brds.qa.details', 1, 'help-circle', 1, '/brds/qas/[0-9]+$', 'Q&A 관리한다', 'Manage Q&A details', 14, 'USE001', 'USE002', 'USE001', '2018-01-03 04:38:22');
INSERT INTO T_URL (URL_SEQ, MENU_NM, MENU_NM_EN, I18N_CD, MENU_LVL, MENU_ICON, MENU_ORD, URL, URL_XPLN, URL_XPLN_EN, PRNT_URL_SEQ, USE_CD, HDDN_CD, REGEXP_CD, REG_DT) VALUES (17, '환자 질환 관리', 'Patient detail', 'url.patients.details', 2, 'save', 1, '/patients/(_$|[0-9]+$)', '환자 질환을 관리한다.', 'Patient', 7, 'USE001', 'USE001', 'USE001', '2020-09-01 13:21:07');
INSERT INTO T_URL (URL_SEQ, MENU_NM, MENU_NM_EN, I18N_CD, MENU_LVL, MENU_ICON, MENU_ORD, URL, URL_XPLN, URL_XPLN_EN, PRNT_URL_SEQ, USE_CD, HDDN_CD, REGEXP_CD, REG_DT) VALUES (18, '환자 files 조회', 'Patient Files', 'url.patients.details.files', 3, 'save', 1, '/patients/[0-9]+/files', '환자 files 조회', 'Patient Files', 17, 'USE001', 'USE001', 'USE001', '2018-08-13 14:05:25');
INSERT INTO T_URL (URL_SEQ, MENU_NM, MENU_NM_EN, I18N_CD, MENU_LVL, MENU_ICON, MENU_ORD, URL, URL_XPLN, URL_XPLN_EN, PRNT_URL_SEQ, USE_CD, HDDN_CD, REGEXP_CD, REG_DT) VALUES (19, '환자 files mri 조회', 'Patient Files mri', 'url.patients.details.files.mri', 4, 'save', 1, '/patients/[0-9]+/files/mri', '환자 files mri 조회', 'Patient Files mri', 18, 'USE001', 'USE001', 'USE001', '2018-08-13 14:05:25');
INSERT INTO T_URL (URL_SEQ, MENU_NM, MENU_NM_EN, I18N_CD, MENU_LVL, MENU_ICON, MENU_ORD, URL, URL_XPLN, URL_XPLN_EN, PRNT_URL_SEQ, USE_CD, HDDN_CD, REGEXP_CD, REG_DT) VALUES (20, '환자 files vcf 조회', 'Patient Files vcf', 'url.patients.details.files.vcf', 4, 'save', 1, '/patients/[0-9]+/files/vcf', '환자 files vcf 조회', 'Patient Files vcf', 18, 'USE001', 'USE001', 'USE001', '2020-09-02 11:03:18');
INSERT INTO T_URL (URL_SEQ, MENU_NM, MENU_NM_EN, I18N_CD, MENU_LVL, MENU_ICON, MENU_ORD, URL, URL_XPLN, URL_XPLN_EN, PRNT_URL_SEQ, USE_CD, HDDN_CD, REGEXP_CD, REG_DT) VALUES (21, '환자 Evidence 조회', 'Patient Evidence', 'url.patients.details.evidence', 3, 'save', 1, '/patients/[0-9]+/evidences', '환자 질환을 확인한다.', 'Patient evidences', 17, 'USE001', 'USE001', 'USE001', '2018-08-13 14:05:25');
INSERT INTO T_URL (URL_SEQ, MENU_NM, MENU_NM_EN, I18N_CD, MENU_LVL, MENU_ICON, MENU_ORD, URL, URL_XPLN, URL_XPLN_EN, PRNT_URL_SEQ, USE_CD, HDDN_CD, REGEXP_CD, REG_DT) VALUES (22, '환자 Evidence 조회 결과', 'Patient Evidence Result', 'url.patients.details.evidence.result', 4, 'save', 1, '/patients/[0-9]+/evidences/[0-9]+$', '환자 질환을 확인한다.', 'Patient evidences details', 19, 'USE001', 'USE001', 'USE001', '2018-08-13 14:05:25');
INSERT INTO T_URL (URL_SEQ, MENU_NM, MENU_NM_EN, I18N_CD, MENU_LVL, MENU_ICON, MENU_ORD, URL, URL_XPLN, URL_XPLN_EN, PRNT_URL_SEQ, USE_CD, HDDN_CD, REGEXP_CD, REG_DT) VALUES (23, '환자 Results 조회', 'Patient results', 'url.patients.details.results', 3, 'plus-circle', 1, '/patients/[0-9]+/results', '환자 Results 조회', 'Patient results', 17, 'USE001', 'USE001', 'USE001', '2020-09-02 11:03:18');
INSERT INTO T_URL (URL_SEQ, MENU_NM, MENU_NM_EN, I18N_CD, MENU_LVL, MENU_ICON, MENU_ORD, URL, URL_XPLN, URL_XPLN_EN, PRNT_URL_SEQ, USE_CD, HDDN_CD, REGEXP_CD, REG_DT) VALUES (24, '환자 Results details 조회', 'Patient results details', 'url.patients.details.results.details', 4, 'plus-circle', 1, '/patients/[0-9]+/results/[0-9]+$', '환자 Results inputs 조회', 'Patient results inputs', 23, 'USE001', 'USE001', 'USE001', '2020-09-02 11:03:18');
INSERT INTO T_URL (URL_SEQ, MENU_NM, MENU_NM_EN, I18N_CD, MENU_LVL, MENU_ICON, MENU_ORD, URL, URL_XPLN, URL_XPLN_EN, PRNT_URL_SEQ, USE_CD, HDDN_CD, REGEXP_CD, REG_DT) VALUES (25, '환자 Results inputs 조회', 'Patient results inputs', 'url.patients.details.results.inputs', 4, 'plus-circle', 2, '/patients/[0-9]+/results/inputs', '환자 Results inputs 조회', 'Patient results inputs', 23, 'USE001', 'USE001', 'USE001', '2020-09-02 11:03:18');
INSERT INTO T_URL (URL_SEQ, MENU_NM, MENU_NM_EN, I18N_CD, MENU_LVL, MENU_ICON, MENU_ORD, URL, URL_XPLN, URL_XPLN_EN, PRNT_URL_SEQ, USE_CD, HDDN_CD, REGEXP_CD, REG_DT) VALUES (26, '환자 Results variants 조회', 'Patient results variants', 'url.patients.details.results.variants', 4, 'plus-circle', 1, '/patients/[0-9]+/results/variants', '환자 Results variants 조회', 'Patient results variants', 23, 'USE001', 'USE001', 'USE001', '2020-09-02 11:03:18');
INSERT INTO T_URL (URL_SEQ, MENU_NM, MENU_NM_EN, I18N_CD, MENU_LVL, MENU_ICON, MENU_ORD, URL, URL_XPLN, URL_XPLN_EN, PRNT_URL_SEQ, USE_CD, HDDN_CD, REGEXP_CD, REG_DT) VALUES (27, '환자 Results variant details 조회', 'Patient results variant details', 'url.patients.details.results.variants.details', 5, 'plus-circle', 2, '/patients/[0-9]+/results/variants/[0-9]+$', '환자 Results variant details 조회', 'Patient results variant details', 23, 'USE001', 'USE001', 'USE001', '2020-09-02 11:03:18');
INSERT INTO T_URL (URL_SEQ, MENU_NM, MENU_NM_EN, I18N_CD, MENU_LVL, MENU_ICON, MENU_ORD, URL, URL_XPLN, URL_XPLN_EN, PRNT_URL_SEQ, USE_CD, HDDN_CD, REGEXP_CD, REG_DT) VALUES (28, '메타정보', 'Meta Infos', 'url.metas', 1, 'plus-circle', 10, '/metas', '메타정보를 제공한다', 'Meta Infos', null, 'USE001', 'USE001', null, '2020-09-02 11:03:18');
INSERT INTO T_URL (URL_SEQ, MENU_NM, MENU_NM_EN, I18N_CD, MENU_LVL, MENU_ICON, MENU_ORD, URL, URL_XPLN, URL_XPLN_EN, PRNT_URL_SEQ, USE_CD, HDDN_CD, REGEXP_CD, REG_DT) VALUES (29, 'term정보', 'term Infos', 'url.metas.term', 2, 'plus-circle', 1, '/metas/terms', 'term정보 제공', 'term Infos', 28, 'USE001', 'USE001', 'USE001', '2020-09-02 11:03:18');
INSERT INTO T_URL (URL_SEQ, MENU_NM, MENU_NM_EN, I18N_CD, MENU_LVL, MENU_ICON, MENU_ORD, URL, URL_XPLN, URL_XPLN_EN, PRNT_URL_SEQ, USE_CD, HDDN_CD, REGEXP_CD, REG_DT) VALUES (30, 'term정보', 'term Infos', 'url.metas.term.details', 3, 'plus-circle', 1, '/metas/terms/.+', 'term정보 제공', 'term Infos', 29, 'USE001', 'USE001', null, '2020-09-02 11:05:41');
INSERT INTO T_URL (URL_SEQ, MENU_NM, MENU_NM_EN, I18N_CD, MENU_LVL, MENU_ICON, MENU_ORD, URL, URL_XPLN, URL_XPLN_EN, PRNT_URL_SEQ, USE_CD, HDDN_CD, REGEXP_CD, REG_DT) VALUES (31, 'phenoType정보', 'phenoType Infos', 'url.metas.phenotype', 2, 'plus-circle', 3, '/metas/phenotypes', 'phenoType정보', 'phenoType Infos', 28, 'USE001', null, 'USE001', '2020-09-02 13:03:35');
INSERT INTO T_URL (URL_SEQ, MENU_NM, MENU_NM_EN, I18N_CD, MENU_LVL, MENU_ICON, MENU_ORD, URL, URL_XPLN, URL_XPLN_EN, PRNT_URL_SEQ, USE_CD, HDDN_CD, REGEXP_CD, REG_DT) VALUES (32, 'phenoType정보', 'phenoType Infos', 'url.metas.phenotype.details', 3, 'plus-circle', 1, '/metas/phenotypes/.+', 'phenoType정보', 'phenoType Infos', 31, null, 'USE001', null, '2020-09-03 12:08:22');
INSERT INTO T_URL (URL_SEQ, MENU_NM, MENU_NM_EN, I18N_CD, MENU_LVL, MENU_ICON, MENU_ORD, URL, URL_XPLN, URL_XPLN_EN, PRNT_URL_SEQ, USE_CD, HDDN_CD, REGEXP_CD, REG_DT) VALUES (33, 'evidences 조회', 'evidences search', 'url.evidences', 1, 'plus-circle', 1, '/evidences', 'evidences 조회', 'evidences search', null, 'USE001', 'USE001', 'USE001', '2020-09-03 12:08:22');
INSERT INTO T_URL (URL_SEQ, MENU_NM, MENU_NM_EN, I18N_CD, MENU_LVL, MENU_ICON, MENU_ORD, URL, URL_XPLN, URL_XPLN_EN, PRNT_URL_SEQ, USE_CD, HDDN_CD, REGEXP_CD, REG_DT) VALUES (34, 'evidences 조회 상세', 'evidences details', 'url.evidences.details', 2, 'plus-circle', 2, '/evidences/[0-9]+$', 'evidences 조회 상세', 'evidences details', 33, 'USE001', 'USE001', 'USE001', '2020-09-08 19:15:42');
INSERT INTO T_URL (URL_SEQ, MENU_NM, MENU_NM_EN, I18N_CD, MENU_LVL, MENU_ICON, MENU_ORD, URL, URL_XPLN, URL_XPLN_EN, PRNT_URL_SEQ, USE_CD, HDDN_CD, REGEXP_CD, REG_DT) VALUES (500, '정책관리', 'Policy', 'url.setups.policies', 2, 'book', 1, '/setups/policies', '정책관리한다.', 'Manage Policy', 5, 'USE001', 'USE002', null, '2018-01-03 04:36:37');
INSERT INTO T_URL (URL_SEQ, MENU_NM, MENU_NM_EN, I18N_CD, MENU_LVL, MENU_ICON, MENU_ORD, URL, URL_XPLN, URL_XPLN_EN, PRNT_URL_SEQ, USE_CD, HDDN_CD, REGEXP_CD, REG_DT) VALUES (501, '계정관리', 'adms', 'url.setups.adms', 2, 'settings', 2, '/setups/adms', '계정관리한다.', 'Manage account', 5, 'USE001', 'USE002', null, '2018-01-03 04:36:37');
INSERT INTO T_URL (URL_SEQ, MENU_NM, MENU_NM_EN, I18N_CD, MENU_LVL, MENU_ICON, MENU_ORD, URL, URL_XPLN, URL_XPLN_EN, PRNT_URL_SEQ, USE_CD, HDDN_CD, REGEXP_CD, REG_DT) VALUES (502, '계정관리 Details', 'adm details', 'url.setups.adms.details', 3, 'settings', 1, '/setups/adms/[0-9]+$', '계정관리한다.', 'Manage account Details', 501, 'USE001', 'USE002', 'USE001', '2020-09-14 16:37:38');
INSERT INTO T_URL (URL_SEQ, MENU_NM, MENU_NM_EN, I18N_CD, MENU_LVL, MENU_ICON, MENU_ORD, URL, URL_XPLN, URL_XPLN_EN, PRNT_URL_SEQ, USE_CD, HDDN_CD, REGEXP_CD, REG_DT) VALUES (503, '계정관리 히스토리', 'adm history', 'url.setups.adms.history', 3, 'settings', 2, '/setups/adms/history', '계정관리 히스토리 한다.', 'adm history', 501, 'USE001', 'USE002', null, '2020-09-19 21:55:34');
INSERT INTO T_URL (URL_SEQ, MENU_NM, MENU_NM_EN, I18N_CD, MENU_LVL, MENU_ICON, MENU_ORD, URL, URL_XPLN, URL_XPLN_EN, PRNT_URL_SEQ, USE_CD, HDDN_CD, REGEXP_CD, REG_DT) VALUES (504, '계정관리 히스토리', 'adm history', 'url.setups.adms.history.details', 4, 'settings', 1, '/setups/adms/history/[0-9]+$', '계정관리 히스토리 한다.', 'adm history details', 503, 'USE001', 'USE002', 'USE001', '2020-09-19 21:55:34');
INSERT INTO T_URL (URL_SEQ, MENU_NM, MENU_NM_EN, I18N_CD, MENU_LVL, MENU_ICON, MENU_ORD, URL, URL_XPLN, URL_XPLN_EN, PRNT_URL_SEQ, USE_CD, HDDN_CD, REGEXP_CD, REG_DT) VALUES (505, '업체관리', 'corps', 'url.setups.corps', 2, 'package', 3, '/setups/corps', '업체 관리', 'corps', 5, 'USE001', 'USE002', null, '2020-09-20 01:18:29');
INSERT INTO T_URL (URL_SEQ, MENU_NM, MENU_NM_EN, I18N_CD, MENU_LVL, MENU_ICON, MENU_ORD, URL, URL_XPLN, URL_XPLN_EN, PRNT_URL_SEQ, USE_CD, HDDN_CD, REGEXP_CD, REG_DT) VALUES (506, '업체관리', 'corps details', 'url.setups.corps.details', 3, 'package', 1, '/setups/corps/[0-9]+$', '업체 관리', 'corps details', 505, 'USE001', 'USE002', 'USE001', '2020-09-20 01:18:29');
INSERT INTO T_URL (URL_SEQ, MENU_NM, MENU_NM_EN, I18N_CD, MENU_LVL, MENU_ICON, MENU_ORD, URL, URL_XPLN, URL_XPLN_EN, PRNT_URL_SEQ, USE_CD, HDDN_CD, REGEXP_CD, REG_DT) VALUES (507, '권한관리', 'auths', 'url.setups.auths', 2, 'settings', 4, '/setups/auths', '권한 관리', 'auths', 5, 'USE001', 'USE001', null, '2020-09-20 01:22:27');
INSERT INTO T_URL (URL_SEQ, MENU_NM, MENU_NM_EN, I18N_CD, MENU_LVL, MENU_ICON, MENU_ORD, URL, URL_XPLN, URL_XPLN_EN, PRNT_URL_SEQ, USE_CD, HDDN_CD, REGEXP_CD, REG_DT) VALUES (508, '권한관리 details', 'auths details', 'url.setups.auths.details', 3, 'settings', 1, '/setups/auths[0-9]+$', '권한 관리 상세', 'auths details', 507, 'USE001', 'USE001', 'USE001', '2020-09-20 01:22:27');

;

-- auto-generated definition
create table T_CODE
(
    CD         varchar(6)                          not null comment '코드'
        primary key,
    CD_NM      varchar(100)                        null comment '코드 이름',
    CD_NM_EN   varchar(100)                        null comment '코드 이름 영문',
    CD_XPLN    varchar(4000)                       null comment '코드 설명',
    CD_ORD     int                                 null comment '코드 순서',
    MAPPING_CD varchar(100)                        null comment '맵핑 코드',
    PRNT_CD    varchar(6)                          null comment '부모 코드',
    REG_DT     timestamp default CURRENT_TIMESTAMP null comment '등록 날짜'
)
    comment '공통 코드' charset = utf8;
INSERT INTO T_CODE (CD, CD_NM, CD_NM_EN, CD_XPLN, CD_ORD, MAPPING_CD, PRNT_CD, REG_DT) VALUES ('ACT000', '액션코드', 'Action', '액션코드', 0, null, null, '2020-09-14 10:13:04');
INSERT INTO T_CODE (CD, CD_NM, CD_NM_EN, CD_XPLN, CD_ORD, MAPPING_CD, PRNT_CD, REG_DT) VALUES ('ACT001', 'URL접근', 'url', 'URL접근', 1, null, 'ACT000', '2020-09-14 10:13:04');
INSERT INTO T_CODE (CD, CD_NM, CD_NM_EN, CD_XPLN, CD_ORD, MAPPING_CD, PRNT_CD, REG_DT) VALUES ('ACT002', '로그인', 'login', 'login', 2, null, 'ACT000', '2020-09-14 10:13:04');
INSERT INTO T_CODE (CD, CD_NM, CD_NM_EN, CD_XPLN, CD_ORD, MAPPING_CD, PRNT_CD, REG_DT) VALUES ('ACT003', '로그아웃', 'logout', 'logout', 3, null, 'ACT000', '2020-09-14 10:13:04');
INSERT INTO T_CODE (CD, CD_NM, CD_NM_EN, CD_XPLN, CD_ORD, MAPPING_CD, PRNT_CD, REG_DT) VALUES ('BCC000', '게시판 카테고리 코드', 'Bulletin board category code
', '게시판 카테고리 코드', 0, null, null, '2020-08-13 15:25:44');
INSERT INTO T_CODE (CD, CD_NM, CD_NM_EN, CD_XPLN, CD_ORD, MAPPING_CD, PRNT_CD, REG_DT) VALUES ('BCC001', '공지사항', 'Notice
', '공지사항', 1, null, 'BCC000', '2020-08-13 15:25:44');
INSERT INTO T_CODE (CD, CD_NM, CD_NM_EN, CD_XPLN, CD_ORD, MAPPING_CD, PRNT_CD, REG_DT) VALUES ('BCC002', '도움말', 'Help
', '도움말', 2, null, 'BCC000', '2020-08-13 15:25:44');
INSERT INTO T_CODE (CD, CD_NM, CD_NM_EN, CD_XPLN, CD_ORD, MAPPING_CD, PRNT_CD, REG_DT) VALUES ('BCC003', '가이드', 'Guide
', '가이드', 3, null, 'BCC000', '2020-08-13 15:25:44');
INSERT INTO T_CODE (CD, CD_NM, CD_NM_EN, CD_XPLN, CD_ORD, MAPPING_CD, PRNT_CD, REG_DT) VALUES ('BCC004', '문의사항', 'Q&A', '문의사항', 4, null, 'BCC000', '2020-08-13 15:25:44');
INSERT INTO T_CODE (CD, CD_NM, CD_NM_EN, CD_XPLN, CD_ORD, MAPPING_CD, PRNT_CD, REG_DT) VALUES ('FST000', 'VCF,MRI 처리 상태 코드', 'Status of VCF, MRI', 'VCF,MRI 처리 상태에 대한 코드', 0, null, null, '2018-08-13 08:44:57');
INSERT INTO T_CODE (CD, CD_NM, CD_NM_EN, CD_XPLN, CD_ORD, MAPPING_CD, PRNT_CD, REG_DT) VALUES ('FST001', '미등록', 'Unregistered', '미등록', 1, null, 'FST000', '2018-08-13 08:44:57');
INSERT INTO T_CODE (CD, CD_NM, CD_NM_EN, CD_XPLN, CD_ORD, MAPPING_CD, PRNT_CD, REG_DT) VALUES ('FST002', '등록', 'Registration', '최초 등록', 2, null, 'FST000', '2018-08-13 08:44:57');
INSERT INTO T_CODE (CD, CD_NM, CD_NM_EN, CD_XPLN, CD_ORD, MAPPING_CD, PRNT_CD, REG_DT) VALUES ('FST003', '처리 중', 'Processing', '업로드 된 파일을 처리 하는 중', 3, null, 'FST000', '2018-08-13 08:44:57');
INSERT INTO T_CODE (CD, CD_NM, CD_NM_EN, CD_XPLN, CD_ORD, MAPPING_CD, PRNT_CD, REG_DT) VALUES ('FST004', '완료', 'Complete', '완료', 4, null, 'FST000', '2018-08-13 08:44:57');
INSERT INTO T_CODE (CD, CD_NM, CD_NM_EN, CD_XPLN, CD_ORD, MAPPING_CD, PRNT_CD, REG_DT) VALUES ('FST005', '실패', 'Fail', '실패', 5, null, 'FST000', '2018-08-13 08:44:57');
INSERT INTO T_CODE (CD, CD_NM, CD_NM_EN, CD_XPLN, CD_ORD, MAPPING_CD, PRNT_CD, REG_DT) VALUES ('GEC000', '성별 코드', 'Gender', '성별 코드', 0, null, null, '2018-01-09 20:16:44');
INSERT INTO T_CODE (CD, CD_NM, CD_NM_EN, CD_XPLN, CD_ORD, MAPPING_CD, PRNT_CD, REG_DT) VALUES ('GEC001', '남자', 'Male', '남자', 1, null, 'GEC000', '2018-01-09 20:16:44');
INSERT INTO T_CODE (CD, CD_NM, CD_NM_EN, CD_XPLN, CD_ORD, MAPPING_CD, PRNT_CD, REG_DT) VALUES ('GEC002', '여자', 'Female', '여자', 2, null, 'GEC000', '2018-01-09 20:16:44');
INSERT INTO T_CODE (CD, CD_NM, CD_NM_EN, CD_XPLN, CD_ORD, MAPPING_CD, PRNT_CD, REG_DT) VALUES ('JOB000', '직업', 'Job', '직업 카테고리', 0, null, null, '2020-09-11 14:12:38');
INSERT INTO T_CODE (CD, CD_NM, CD_NM_EN, CD_XPLN, CD_ORD, MAPPING_CD, PRNT_CD, REG_DT) VALUES ('JOB001', 'Clinician
', 'Clinician
', null, 1, null, 'JOB000', '2020-09-11 14:12:38');
INSERT INTO T_CODE (CD, CD_NM, CD_NM_EN, CD_XPLN, CD_ORD, MAPPING_CD, PRNT_CD, REG_DT) VALUES ('JOB002', 'Counselor
', 'Counselor
', null, 2, null, 'JOB000', '2020-09-11 14:12:38');
INSERT INTO T_CODE (CD, CD_NM, CD_NM_EN, CD_XPLN, CD_ORD, MAPPING_CD, PRNT_CD, REG_DT) VALUES ('JOB003', 'Clinical Laboratorian
', 'Clinical Laboratorian
', null, 3, null, 'JOB000', '2020-09-11 14:12:38');
INSERT INTO T_CODE (CD, CD_NM, CD_NM_EN, CD_XPLN, CD_ORD, MAPPING_CD, PRNT_CD, REG_DT) VALUES ('JOB004', 'Researcher
', 'Researcher
', null, 4, null, 'JOB000', '2020-09-11 14:12:38');
INSERT INTO T_CODE (CD, CD_NM, CD_NM_EN, CD_XPLN, CD_ORD, MAPPING_CD, PRNT_CD, REG_DT) VALUES ('JOB005', 'Educator
', 'Educator
', null, 5, null, 'JOB000', '2020-09-11 14:12:38');
INSERT INTO T_CODE (CD, CD_NM, CD_NM_EN, CD_XPLN, CD_ORD, MAPPING_CD, PRNT_CD, REG_DT) VALUES ('JOB006', '기타
', '기타
', null, 5, null, 'JOB000', '2020-09-11 14:12:38');
INSERT INTO T_CODE (CD, CD_NM, CD_NM_EN, CD_XPLN, CD_ORD, MAPPING_CD, PRNT_CD, REG_DT) VALUES ('POL000', '정책', 'policy', '정책', 0, null, null, '2020-09-14 01:41:30');
INSERT INTO T_CODE (CD, CD_NM, CD_NM_EN, CD_XPLN, CD_ORD, MAPPING_CD, PRNT_CD, REG_DT) VALUES ('POL001', '개인정보취급방침', 'Policy', '개인정보취급방침', 1, null, 'POL001', '2020-09-14 01:41:30');
INSERT INTO T_CODE (CD, CD_NM, CD_NM_EN, CD_XPLN, CD_ORD, MAPPING_CD, PRNT_CD, REG_DT) VALUES ('POL002', '이용약관', 'Terms', '이용약관', 2, null, 'POL001', '2020-09-14 01:41:30');
INSERT INTO T_CODE (CD, CD_NM, CD_NM_EN, CD_XPLN, CD_ORD, MAPPING_CD, PRNT_CD, REG_DT) VALUES ('USE000', '사용여부', 'use?', '사용여부', 0, null, null, '2020-08-13 15:02:30');
INSERT INTO T_CODE (CD, CD_NM, CD_NM_EN, CD_XPLN, CD_ORD, MAPPING_CD, PRNT_CD, REG_DT) VALUES ('USE001', '사용', 'Use
', '사용', 1, null, 'USE000', '2020-08-13 15:02:30');
INSERT INTO T_CODE (CD, CD_NM, CD_NM_EN, CD_XPLN, CD_ORD, MAPPING_CD, PRNT_CD, REG_DT) VALUES ('USE002', '미사용', 'Unused
', '미사용', 2, null, 'USE000', '2020-08-13 15:02:30');


